Causes,Total_deaths
Cardiovascular Diseases,164605271
Neoplasms,88887087
Chronic Respiratory Diseases,36216117
Lower Respiratory Infections,24237035
Digestive Diseases,23457904
Neonatal Disorders,20436246
Diarrheal Diseases,16572038
Cirrhosis and Other Chronic Liver Diseases,13512188
Alzheimer's Disease and Other Dementias,13407198
Diabetes Mellitus,13048130
Tuberculosis,12388982
Chronic Kidney Disease,12318869
Road Injuries,11500183
HIV/AIDS,10240831
